{
    "season": 2023,
    "official_website": "https://www.formula1.com",
    "drivers_championship": [
      {
        "position": 1,
        "driver": "Max Verstappen",
        "team": "Red Bull Racing",
        "points": 575,
        "driver_url": "https://www.formula1.com/en/drivers/max-verstappen.html",
        "team_url": "https://www.redbullracing.com",
        "driver_image": "https://www.formula1.com/content/dam/fom-website/drivers/M/MAXVER01_Max_Verstappen/maxver01.png.transform/2col/image.png"
      },
      {
        "position": 2,
        "driver": "Sergio Perez",
        "team": "Red Bull Racing",
        "points": 285,
        "driver_url": "https://www.formula1.com/en/drivers/sergio-perez.html",
        "team_url": "https://www.redbullracing.com",
        "driver_image": "https://www.formula1.com/content/dam/fom-website/drivers/S/SERPER01_Sergio_Perez/serper01.png.transform/2col/image.png"
      },
      {
        "position": 3,
        "driver": "Lewis Hamilton",
        "team": "Mercedes",
        "points": 234,
        "driver_url": "https://www.formula1.com/en/drivers/lewis-hamilton.html",
        "team_url": "https://www.mercedesamgf1.com",
        "driver_image": "https://www.formula1.com/content/dam/fom-website/drivers/L/LEWHAM01_Lewis_Hamilton/lewham01.png.transform/2col/image.png"
      },
      {
        "position": 4,
        "driver": "Fernando Alonso",
        "team": "Aston Martin",
        "points": 206,
        "driver_url": "https://www.formula1.com/en/drivers/fernando-alonso.html",
        "team_url": "https://www.astonmartinf1.com",
        "driver_image": "https://www.formula1.com/content/dam/fom-website/drivers/F/FERALO01_Fernando_Alonso/feralo01.png.transform/2col/image.png"
      },
      {
        "position": 5,
        "driver": "Charles Leclerc",
        "team": "Ferrari",
        "points": 206,
        "driver_url": "https://www.formula1.com/en/drivers/charles-leclerc.html",
        "team_url": "https://www.ferrari.com/en-EN/formula1",
        "driver_image": "https://www.formula1.com/content/dam/fom-website/drivers/C/CHALEC01_Charles_Leclerc/chalec01.png.transform/2col/image.png"
      },
      {
        "position": 6,
        "driver": "Lando Norris",
        "team": "McLaren",
        "points": 205,
        "driver_url": "https://www.formula1.com/en/drivers/lando-norris.html",
        "team_url": "https://www.mclaren.com/racing/",
        "driver_image": "https://www.formula1.com/content/dam/fom-website/drivers/L/LANNOR01_Lando_Norris/lannor01.png.transform/2col/image.png"
      },
      {
        "position": 7,
        "driver": "Carlos Sainz",
        "team": "Ferrari",
        "points": 200,
        "driver_url": "https://www.formula1.com/en/drivers/carlos-sainz.html",
        "team_url": "https://www.ferrari.com/en-EN/formula1",
        "driver_image": "https://www.formula1.com/content/dam/fom-website/drivers/C/CARSAI01_Carlos_Sainz/carsai01.png.transform/2col/image.png"
      },
      {
        "position": 8,
        "driver": "George Russell",
        "team": "Mercedes",
        "points": 175,
        "driver_url": "https://www.formula1.com/en/drivers/george-russell.html",
        "team_url": "https://www.mercedesamgf1.com",
        "driver_image": "https://www.formula1.com/content/dam/fom-website/drivers/G/GEORUS01_George_Russell/georus01.png.transform/2col/image.png"
      },
      {
        "position": 9,
        "driver": "Oscar Piastri",
        "team": "McLaren",
        "points": 97,
        "driver_url": "https://www.formula1.com/en/drivers/oscar-piastri.html",
        "team_url": "https://www.mclaren.com/racing/",
        "driver_image": "https://www.formula1.com/content/dam/fom-website/drivers/O/OSCPIA01_Oscar_Piastri/oscpia01.png.transform/2col/image.png"
      },
      {
        "position": 10,
        "driver": "Lance Stroll",
        "team": "Aston Martin",
        "points": 74,
        "driver_url": "https://www.formula1.com/en/drivers/lance-stroll.html",
        "team_url": "https://www.astonmartinf1.com",
        "driver_image": "https://www.formula1.com/content/dam/fom-website/drivers/L/LANSTR01_Lance_Stroll/lanstr01.png.transform/2col/image.png"
      }
    ],
    "constructors_championship": [
      {
        "position": 1,
        "team": "Red Bull Racing",
        "points": 860,
        "team_url": "https://www.redbullracing.com"
      },
      {
        "position": 2,
        "team": "Mercedes",
        "points": 409,
        "team_url": "https://www.mercedesamgf1.com"
      },
      {
        "position": 3,
        "team": "Ferrari",
        "points": 406,
        "team_url": "https://www.ferrari.com/en-EN/formula1"
      }
    ],
    "races": [
      {
        "round": 1,
        "name": "Bahrain Grand Prix",
        "winner": "Max Verstappen",
        "team": "Red Bull Racing"
      },
      {
        "round": 2,
        "name": "Saudi Arabian Grand Prix",
        "winner": "Sergio Perez",
        "team": "Red Bull Racing"
      },
      {
        "round": 22,
        "name": "Abu Dhabi Grand Prix",
        "winner": "Max Verstappen",
        "team": "Red Bull Racing"
      }
    ],
    "fastest_lap": {
      "driver": "Max Verstappen",
      "team": "Red Bull Racing",
      "race": "Italian Grand Prix",
      "time": "1:24.319"
    },
    "pole_positions": {
      "Max Verstappen": 12,
      "Charles Leclerc": 5,
      "Lewis Hamilton": 1
    }
  }